"('Key.esc', 8.584239421, 'released')","('Key.enter', 8.696913542, 'pressed')","('Key.enter', 8.780327896, 'released')","('.', 9.744879716, 'pressed')","('.', 9.821397223, 'released')","('t', 10.172221608, 'pressed')","('t', 10.2442865, 'released')","('i', 10.643705437, 'pressed')","('i', 10.718289074, 'released')","('e', 10.98514804, 'pressed')","('e', 11.069096255, 'released')","('5', 11.333176614, 'pressed')","('5', 11.405186752, 'released')","('Key.caps_lock', 11.824350118, 'pressed')","('Key.caps_lock', 11.824361985, 'released')","('R', 12.097108808, 'pressed')","('R', 12.169144696, 'released')","('Key.caps_lock', 12.294319021, 'pressed')","('Key.caps_lock', 12.294333252, 'released')","('o', 12.798036803, 'pressed')","('o', 12.874124387, 'released')","('a', 13.081041351, 'pressed')","('a', 13.157251386, 'released')","('n', 13.357113663, 'pressed')","('n', 13.425087739, 'released')","('l', 13.789835593, 'pressed')","('l', 13.866062184, 'released')","('e', 14.055831776, 'pressed')","('e', 14.120053034, 'released')","('Key.esc', 14.611917799, 'pressed')"
"('Key.esc', 8.842139275, 'released')","('Key.enter', 9.164089621, 'pressed')","('Key.enter', 9.232141924, 'released')","('.', 9.769464192, 'pressed')","('.', 9.841120296, 'released')","('t', 10.263134208, 'pressed')","('t', 10.334960952, 'released')","('i', 10.800917716, 'pressed')","('i', 10.876073262, 'released')","('e', 11.169956243, 'pressed')","('e', 11.266048772, 'released')","('5', 11.586441207, 'pressed')","('5', 11.675019567, 'released')","('Key.caps_lock', 12.011564235, 'pressed')","('Key.caps_lock', 12.011575951, 'released')","('R', 12.275944318, 'pressed')","('R', 12.348023036, 'released')","('Key.caps_lock', 12.554351456, 'pressed')","('Key.caps_lock', 12.554364487, 'released')","('o', 13.028061999, 'pressed')","('o', 13.103966577, 'released')","('a', 13.293853743, 'pressed')","('a', 13.376979377, 'released')","('n', 13.643915128, 'pressed')","('n', 13.715921669, 'released')","('l', 14.257771353, 'pressed')","('l', 14.329830247, 'released')","('e', 14.504818573, 'pressed')","('e', 14.592996194, 'released')","('Key.esc', 15.09072768, 'pressed')"
"('Key.esc', 15.186807427, 'released')","('Key.enter', 15.514755495, 'pressed')","('Key.enter', 15.590752191, 'released')","('.', 16.314791496, 'pressed')","('.', 16.390721981, 'released')","('t', 16.778741069, 'pressed')","('t', 16.846201904, 'released')","('i', 17.299801682, 'pressed')","('i', 17.359792619, 'released')","('e', 17.674667267, 'pressed')","('e', 17.758718411, 'released')","('5', 18.120594162, 'pressed')","('5', 18.196481301, 'released')","('Key.caps_lock', 18.593115082, 'pressed')","('Key.caps_lock', 18.593126225, 'released')","('R', 18.821515718, 'pressed')","('R', 18.897656857, 'released')","('Key.caps_lock', 19.089073015, 'pressed')","('Key.caps_lock', 19.089083041, 'released')","('o', 19.702617115, 'pressed')","('o', 19.774620518, 'released')","('a', 20.01750686, 'pressed')","('a', 20.085591715, 'released')","('n', 20.248488125, 'pressed')","('n', 20.320618998, 'released')","('l', 20.800094151, 'pressed')","('l', 20.876554018, 'released')","('e', 21.118455423, 'pressed')","('e', 21.194633667, 'released')","('Key.esc', 21.747445782, 'pressed')"
"('Key.esc', 21.815467083, 'released')","('Key.enter', 22.183354322, 'pressed')","('Key.enter', 22.251432728, 'released')","('.', 23.308359816, 'pressed')","('.', 23.388399753, 'released')","('t', 23.736262366, 'pressed')","('t', 23.808408962, 'released')","('i', 24.203403018, 'pressed')","('i', 24.27941242, 'released')","('e', 24.548542859, 'pressed')","('e', 24.628435808, 'released')","('5', 24.931259506, 'pressed')","('5', 25.007324541, 'released')","('Key.caps_lock', 25.40821508, 'pressed')","('Key.caps_lock', 25.408241253, 'released')","('R', 25.647285468, 'pressed')","('R', 25.719344681, 'released')","('Key.caps_lock', 25.869357554, 'pressed')","('Key.caps_lock', 25.869367698, 'released')","('o', 26.367290272, 'pressed')","('o', 26.439280164, 'released')","('a', 26.632219457, 'pressed')","('a', 26.712294372, 'released')","('n', 26.938193944, 'pressed')","('n', 27.006288111, 'released')","('l', 27.455190191, 'pressed')","('l', 27.531243181, 'released')","('e', 27.771188946, 'pressed')","('e', 27.851233468, 'released')","('Key.esc', 28.347034513, 'pressed')"
"('Key.esc', 8.847008812, 'released')","('Key.enter', 9.045745485, 'pressed')","('Key.enter', 9.121728527, 'released')","('.', 9.631758685, 'pressed')","('.', 9.711741264, 'released')","('t', 10.118473643, 'pressed')","('t', 10.1906981, 'released')","('i', 10.434757967, 'pressed')","('i', 10.502681773, 'released')","('e', 10.794681948, 'pressed')","('e', 10.870585604, 'released')","('5', 11.125966541, 'pressed')","('5', 11.205649311, 'released')","('Key.caps_lock', 11.555848435, 'pressed')","('Key.caps_lock', 11.555860797, 'released')","('R', 11.755700517, 'pressed')","('R', 11.827653081, 'released')","('Key.caps_lock', 11.975241089, 'pressed')","('Key.caps_lock', 11.975254064, 'released')","('o', 12.644641124, 'pressed')","('o', 12.720396342, 'released')","('a', 13.120965848, 'pressed')","('a', 13.193552068, 'released')","('n', 13.371568927, 'pressed')","('n', 13.435549081, 'released')","('l', 13.79043971, 'pressed')","('l', 13.862546036, 'released')","('e', 14.286499523, 'pressed')","('e', 14.366493253, 'released')","('Key.esc', 15.097232228, 'pressed')"
"('Key.esc', 15.197171488, 'released')","('Key.enter', 15.447301123, 'pressed')","('Key.enter', 15.519153232, 'released')","('.', 16.081157421, 'pressed')","('.', 16.157376247, 'released')","('t', 16.511181101, 'pressed')","('t', 16.583303997, 'released')","('i', 16.835039548, 'pressed')","('i', 16.906995218, 'released')","('e', 17.169259092, 'pressed')","('e', 17.253339164, 'released')","('5', 17.605281504, 'pressed')","('5', 17.681313615, 'released')","('Key.caps_lock', 18.049737338, 'pressed')","('Key.caps_lock', 18.04976124, 'released')","('R', 18.387276223, 'pressed')","('R', 18.455284065, 'released')","('Key.caps_lock', 18.668501014, 'pressed')","('Key.caps_lock', 18.668508278, 'released')","('o', 19.177145542, 'pressed')","('o', 19.245309223, 'released')","('a', 19.486313792, 'pressed')","('a', 19.570232719, 'released')","('n', 19.777158165, 'pressed')","('n', 19.845271123, 'released')","('l', 20.146155231, 'pressed')","('l', 20.218246107, 'released')","('e', 20.349285827, 'pressed')","('e', 20.417046995, 'released')","('Key.esc', 21.020116495, 'pressed')"
"('Key.esc', 21.120164392, 'released')","('Key.enter', 21.732990642, 'pressed')","('Key.enter', 21.801046128, 'released')","('.', 23.039998487, 'pressed')","('.', 23.115465749, 'released')","('t', 23.520081733, 'pressed')","('t', 23.59602505, 'released')","('i', 23.857875193, 'pressed')","('i', 23.926004793, 'released')","('e', 24.202980917, 'pressed')","('e', 24.295013285, 'released')","('5', 24.651076341, 'pressed')","('5', 24.7269143, 'released')","('Key.caps_lock', 25.118552023, 'pressed')","('Key.caps_lock', 25.118565599, 'released')","('R', 25.516920153, 'pressed')","('R', 25.580742542, 'released')","('Key.caps_lock', 25.737854404, 'pressed')","('Key.caps_lock', 25.737874582, 'released')","('o', 26.264787144, 'pressed')","('o', 26.340859629, 'released')","('a', 26.606768641, 'pressed')","('a', 26.678953719, 'released')","('n', 26.907815623, 'pressed')","('n', 26.975909486, 'released')","('l', 27.288651907, 'pressed')","('l', 27.360851417, 'released')","('e', 27.602961776, 'pressed')","('e', 27.670810712, 'released')","('Key.esc', 28.420624562, 'pressed')"
"('Key.esc', 28.548763542, 'released')","('Key.enter', 28.730741096, 'pressed')","('Key.enter', 28.802708621, 'released')","('.', 29.161639433, 'pressed')","('.', 29.23775351, 'released')","('t', 29.61366141, 'pressed')","('t', 29.681640192, 'released')","('i', 29.919791971, 'pressed')","('i', 29.991685528, 'released')","('e', 30.241722869, 'pressed')","('e', 30.321660294, 'released')","('5', 30.763784672, 'pressed')","('5', 30.847578554, 'released')","('Key.caps_lock', 31.221369994, 'pressed')","('Key.caps_lock', 31.221468267, 'released')","('R', 31.473554456, 'pressed')","('R', 31.541602955, 'released')","('Key.caps_lock', 32.2944394, 'pressed')","('Key.caps_lock', 32.294451063, 'released')","('o', 32.854925945, 'pressed')","('o', 32.923542227, 'released')","('a', 33.268453941, 'pressed')","('a', 33.352300457, 'released')","('n', 33.57160661, 'pressed')","('n', 33.635496189, 'released')","('l', 34.346418286, 'pressed')","('l', 34.422495952, 'released')","('e', 34.608780561, 'pressed')","('e', 34.680495309, 'released')","('Key.esc', 35.263392102, 'pressed')"
"('Key.esc', 6.223886088, 'released')","('Key.enter', 6.606812515, 'pressed')","('Key.enter', 6.666665022, 'released')","('.', 7.095713929, 'pressed')","('.', 7.163866712, 'released')","('t', 7.754744255, 'pressed')","('t', 7.826823998, 'released')","('i', 8.043834022, 'pressed')","('i', 8.115860015, 'released')","('e', 8.291828317, 'pressed')","('e', 8.367809312, 'released')","('5', 8.658692095, 'pressed')","('5', 8.738805639, 'released')","('Key.caps_lock', 9.235157366, 'pressed')","('Key.caps_lock', 9.235169368, 'released')","('R', 9.426787196, 'pressed')","('R', 9.494794767, 'released')","('Key.caps_lock', 9.795947821, 'pressed')","('Key.caps_lock', 9.795960559, 'released')","('o', 10.208645096, 'pressed')","('o', 10.276739023, 'released')","('a', 10.528714521, 'pressed')","('a', 10.592540024, 'released')","('n', 10.774588694, 'pressed')","('n', 10.83859407, 'released')","('l', 11.097649703, 'pressed')","('l', 11.165497905, 'released')","('e', 11.615263207, 'pressed')","('e', 11.679576416, 'released')","('Key.esc', 12.14976463, 'pressed')"
"('Key.esc', 12.221552421, 'released')","('Key.enter', 12.572469421, 'pressed')","('Key.enter', 12.632648233, 'released')","('.', 13.053670725, 'pressed')","('.', 13.125561796, 'released')","('t', 13.512583957, 'pressed')","('t', 13.572559597, 'released')","('i', 13.785316296, 'pressed')","('i', 13.853533137, 'released')","('e', 13.989251295, 'pressed')","('e', 14.057625799, 'released')","('5', 14.323453971, 'pressed')","('5', 14.387473166, 'released')","('Key.caps_lock', 14.810399508, 'pressed')","('Key.caps_lock', 14.810410695, 'released')","('R', 15.041833055, 'pressed')","('R', 15.10950753, 'released')","('Key.caps_lock', 15.216627395, 'pressed')","('Key.caps_lock', 15.21668637, 'released')","('o', 15.735430713, 'pressed')","('o', 15.803434637, 'released')","('a', 16.029393528, 'pressed')","('a', 16.109429992, 'released')","('n', 16.336494723, 'pressed')","('n', 16.404455527, 'released')","('l', 16.639975127, 'pressed')","('l', 16.711464184, 'released')","('e', 16.904153235, 'pressed')","('e', 16.968370108, 'released')","('Key.esc', 17.462354139, 'pressed')"
"('Key.esc', 17.546247348, 'released')","('Key.enter', 17.921577497, 'pressed')","('Key.enter', 17.989236657, 'released')","('.', 18.552235285, 'pressed')","('.', 18.620280854, 'released')","('t', 19.028326276, 'pressed')","('t', 19.096248753, 'released')","('i', 19.300982103, 'pressed')","('i', 19.373252609, 'released')","('e', 19.684260915, 'pressed')","('e', 19.772231893, 'released')","('5', 20.033153824, 'pressed')","('5', 20.121207673, 'released')","('Key.caps_lock', 20.635764374, 'pressed')","('Key.caps_lock', 20.635776671, 'released')","('R', 20.857118547, 'pressed')","('R', 20.929172018, 'released')","('Key.caps_lock', 21.116285147, 'pressed')","('Key.caps_lock', 21.116303243, 'released')","('o', 21.574041807, 'pressed')","('o', 21.65013198, 'released')","('a', 21.792066671, 'pressed')","('a', 21.868112761, 'released')","('n', 22.045210745, 'pressed')","('n', 22.113070956, 'released')","('l', 22.584608893, 'pressed')","('l', 22.645120993, 'released')","('e', 22.833547988, 'pressed')","('e', 22.897837342, 'released')","('Key.esc', 23.369192002, 'pressed')"
"('Key.esc', 23.450998611, 'released')","('Key.enter', 23.896811668, 'pressed')","('Key.enter', 23.960945128, 'released')","('.', 25.546933967, 'pressed')","('.', 25.614836338, 'released')","('t', 25.976877733, 'pressed')","('t', 26.048930977, 'released')","('i', 26.264919385, 'pressed')","('i', 26.32892803, 'released')","('e', 26.728838756, 'pressed')","('e', 26.808865555, 'released')","('5', 27.33461671, 'pressed')","('5', 27.410800158, 'released')","('Key.caps_lock', 27.93567285, 'pressed')","('Key.caps_lock', 27.935901026, 'released')","('R', 28.157625525, 'pressed')","('R', 28.229821855, 'released')","('Key.caps_lock', 28.341894688, 'pressed')","('Key.caps_lock', 28.341907979, 'released')","('o', 28.826486997, 'pressed')","('o', 28.898761176, 'released')","('a', 29.123568806, 'pressed')","('a', 29.19985667, 'released')","('n', 29.577005406, 'pressed')","('n', 29.648725067, 'released')","('l', 30.024682216, 'pressed')","('l', 30.092705211, 'released')","('e', 30.286708403, 'pressed')","('e', 30.362733229, 'released')","('Key.esc', 30.850578393, 'pressed')"
"('Key.esc', 8.827949112, 'released')","('Key.enter', 9.114980711, 'pressed')","('Key.enter', 9.18289302, 'released')","('.', 9.600002009, 'pressed')","('.', 9.672017572, 'released')","('t', 10.037891432, 'pressed')","('t', 10.097736482, 'released')","('i', 10.369902213, 'pressed')","('i', 10.437835126, 'released')","('e', 10.710877949, 'pressed')","('e', 10.790907357, 'released')","('5', 11.285865419, 'pressed')","('5', 11.361655826, 'released')","('Key.caps_lock', 11.938418971, 'pressed')","('Key.caps_lock', 11.938488554, 'released')","('R', 12.185240845, 'pressed')","('R', 12.261818227, 'released')","('Key.caps_lock', 12.402939865, 'pressed')","('Key.caps_lock', 12.402954032, 'released')","('o', 12.992734361, 'pressed')","('o', 13.056738089, 'released')","('a', 13.28471828, 'pressed')","('a', 13.368565899, 'released')","('n', 13.636634817, 'pressed')","('n', 13.70076259, 'released')","('l', 14.206723447, 'pressed')","('l', 14.282706343, 'released')","('e', 14.398488419, 'pressed')","('e', 14.466680978, 'released')","('Key.esc', 15.045524863, 'pressed')"
"('Key.esc', 15.149629072, 'released')","('Key.enter', 15.433815224, 'pressed')","('Key.enter', 15.509604737, 'released')","('.', 15.933592857, 'pressed')","('.', 16.009606106, 'released')","('t', 16.378512542, 'pressed')","('t', 16.446584919, 'released')","('i', 16.729648342, 'pressed')","('i', 16.79757, 'released')","('e', 17.015458005, 'pressed')","('e', 17.091559761, 'released')","('5', 17.401687265, 'pressed')","('5', 17.469510739, 'released')","('Key.caps_lock', 17.875878736, 'pressed')","('Key.caps_lock', 17.875889703, 'released')","('R', 18.104583778, 'pressed')","('R', 18.181082773, 'released')","('Key.caps_lock', 18.336367525, 'pressed')","('Key.caps_lock', 18.336375157, 'released')","('o', 18.805496004, 'pressed')","('o', 18.873485359, 'released')","('a', 19.098242668, 'pressed')","('a', 19.182202483, 'released')","('n', 19.409390092, 'pressed')","('n', 19.473398816, 'released')","('l', 19.749301526, 'pressed')","('l', 19.821466667, 'released')","('e', 20.059412659, 'pressed')","('e', 20.135403444, 'released')","('Key.esc', 20.585403972, 'pressed')"
"('Key.esc', 20.665294164, 'released')","('Key.enter', 21.059239797, 'pressed')","('Key.enter', 21.135240541, 'released')","('.', 21.491250201, 'pressed')","('.', 21.567289392, 'released')","('t', 22.032050945, 'pressed')","('t', 22.108167504, 'released')","('i', 22.400188877, 'pressed')","('i', 22.472363723, 'released')","('e', 22.693266499, 'pressed')","('e', 22.765269323, 'released')","('5', 23.034250762, 'pressed')","('5', 23.10619731, 'released')","('Key.caps_lock', 23.668963457, 'pressed')","('Key.caps_lock', 23.669003846, 'released')","('R', 23.914171091, 'pressed')","('R', 23.986284096, 'released')","('Key.caps_lock', 24.155393914, 'pressed')","('Key.caps_lock', 24.155400755, 'released')","('o', 24.650218076, 'pressed')","('o', 24.726154233, 'released')","('a', 24.865033909, 'pressed')","('a', 24.936722712, 'released')","('n', 25.123587161, 'pressed')","('n', 25.19549195, 'released')","('l', 25.650465591, 'pressed')","('l', 25.723084915, 'released')","('e', 26.031092968, 'pressed')","('e', 26.099099406, 'released')","('Key.esc', 26.851943712, 'pressed')"
"('Key.esc', 26.951972862, 'released')","('Key.enter', 27.10996117, 'pressed')","('Key.enter', 27.189943856, 'released')","('.', 27.540957729, 'pressed')","('.', 27.608984274, 'released')","('t', 27.966927563, 'pressed')","('t', 28.030975811, 'released')","('i', 28.411961863, 'pressed')","('i', 28.479970099, 'released')","('e', 28.87989076, 'pressed')","('e', 28.955917899, 'released')","('5', 29.688909474, 'pressed')","('5', 29.760899866, 'released')","('Key.caps_lock', 30.100686302, 'pressed')","('Key.caps_lock', 30.100698199, 'released')","('R', 30.392819444, 'pressed')","('R', 30.452861341, 'released')","('Key.caps_lock', 30.596145986, 'pressed')","('Key.caps_lock', 30.596160822, 'released')","('o', 31.10872817, 'pressed')","('o', 31.184826113, 'released')","('a', 31.36109145, 'pressed')","('a', 31.434821503, 'released')","('n', 31.682969805, 'pressed')","('n', 31.754868019, 'released')","('l', 32.136774173, 'pressed')","('l', 32.212866723, 'released')","('e', 32.378297015, 'pressed')","('e', 32.453763072, 'released')","('Key.esc', 33.228645245, 'pressed')"
"('Key.esc', 33.340611533, 'released')","('Key.enter', 33.567782851, 'pressed')","('Key.enter', 33.63974198, 'released')","('.', 34.0626223, 'pressed')","('.', 34.138725624, 'released')","('t', 34.534601094, 'pressed')","('t', 34.606625532, 'released')","('i', 34.821613783, 'pressed')","('i', 34.889642829, 'released')","('e', 35.102623412, 'pressed')","('e', 35.178609501, 'released')","('5', 35.760626062, 'pressed')","('5', 35.832579429, 'released')","('Key.caps_lock', 36.142379474, 'pressed')","('Key.caps_lock', 36.142466143, 'released')","('R', 36.377424953, 'pressed')","('R', 36.441551213, 'released')","('Key.caps_lock', 36.596203796, 'pressed')","('Key.caps_lock', 36.596215951, 'released')","('o', 37.031545942, 'pressed')","('o', 37.099560023, 'released')","('a', 37.257339057, 'pressed')","('a', 37.333517542, 'released')","('n', 37.525359838, 'pressed')","('n', 37.589537092, 'released')","('l', 37.922551057, 'pressed')","('l', 37.998456656, 'released')","('e', 38.135418058, 'pressed')","('e', 38.207397913, 'released')","('Key.esc', 38.821253895, 'pressed')"
"('Key.esc', 38.90934965, 'released')","('Key.enter', 39.276268442, 'pressed')","('Key.enter', 39.34839219, 'released')","('.', 39.763250338, 'pressed')","('.', 39.831348849, 'released')","('t', 40.250002171, 'pressed')","('t', 40.309942373, 'released')","('i', 40.582285579, 'pressed')","('i', 40.650332075, 'released')","('e', 40.885291447, 'pressed')","('e', 40.957230113, 'released')","('5', 41.265322282, 'pressed')","('5', 41.337297344, 'released')","('Key.caps_lock', 41.667282244, 'pressed')","('Key.caps_lock', 41.667293882, 'released')","('R', 42.09722986, 'pressed')","('R', 42.161259882, 'released')","('Key.caps_lock', 42.298084158, 'pressed')","('Key.caps_lock', 42.298096346, 'released')","('o', 42.810167218, 'pressed')","('o', 42.886226463, 'released')","('a', 43.061978891, 'pressed')","('a', 43.131211782, 'released')","('n', 43.352137345, 'pressed')","('n', 43.416153121, 'released')","('l', 43.781180535, 'pressed')","('l', 43.853174694, 'released')","('e', 44.017021048, 'pressed')","('e', 44.085155301, 'released')","('Key.esc', 44.56214616, 'pressed')"
"('Key.esc', 44.645095228, 'released')","('Key.enter', 44.996057328, 'pressed')","('Key.enter', 45.068071484, 'released')","('.', 45.664065941, 'pressed')","('.', 45.732066274, 'released')","('t', 46.088031939, 'pressed')","('t', 46.144048996, 'released')","('i', 46.355171471, 'pressed')","('i', 46.419032282, 'released')","('e', 46.683090922, 'pressed')","('e', 46.750880602, 'released')","('5', 47.360978883, 'pressed')","('5', 47.428979599, 'released')","('Key.caps_lock', 47.879552112, 'pressed')","('Key.caps_lock', 47.879564186, 'released')","('R', 48.183029094, 'pressed')","('R', 48.250633559, 'released')","('Key.caps_lock', 48.406662482, 'pressed')","('Key.caps_lock', 48.406674086, 'released')","('o', 48.957781953, 'pressed')","('o', 49.029901915, 'released')","('a', 49.196820975, 'pressed')","('a', 49.268874774, 'released')","('n', 49.449665944, 'pressed')","('n', 49.509870853, 'released')","('l', 49.895990432, 'pressed')","('l', 49.963841925, 'released')","('e', 50.092812607, 'pressed')","('e', 50.160848395, 'released')","('Key.esc', 50.730729993, 'pressed')"
"('Key.esc', 50.822796807, 'released')","('Key.enter', 51.131758955, 'pressed')","('Key.enter', 51.211770765, 'released')","('.', 51.617840788, 'pressed')","('.', 51.685766983, 'released')","('t', 52.088696414, 'pressed')","('t', 52.160739571, 'released')","('i', 52.456943661, 'pressed')","('i', 52.532767994, 'released')","('e', 52.748746411, 'pressed')","('e', 52.828658487, 'released')","('5', 53.124691845, 'pressed')","('5', 53.200756016, 'released')","('Key.caps_lock', 53.554339269, 'pressed')","('Key.caps_lock', 53.554350691, 'released')","('R', 53.877595713, 'pressed')","('R', 53.941597373, 'released')","('Key.caps_lock', 54.114001391, 'pressed')","('Key.caps_lock', 54.114018237, 'released')","('o', 54.581413389, 'pressed')","('o', 54.665607994, 'released')","('a', 54.79366188, 'pressed')","('a', 54.869622734, 'released')","('n', 55.070369687, 'pressed')","('n', 55.138507821, 'released')","('l', 55.436360508, 'pressed')","('l', 55.50435851, 'released')","('e', 55.658536137, 'pressed')","('e', 55.726487424, 'released')","('Key.esc', 56.303426461, 'pressed')"
"('Key.esc', 56.403440745, 'released')","('Key.enter', 56.690163803, 'pressed')","('Key.enter', 56.766669198, 'released')","('.', 57.147498266, 'pressed')","('.', 57.219395157, 'released')","('t', 57.570507783, 'pressed')","('t', 57.638324696, 'released')","('i', 57.853419804, 'pressed')","('i', 57.921272606, 'released')","('e', 58.134485678, 'pressed')","('e', 58.202463465, 'released')","('5', 58.749493181, 'pressed')","('5', 58.817372494, 'released')","('Key.caps_lock', 59.286023899, 'pressed')","('Key.caps_lock', 59.286033189, 'released')","('R', 59.555374145, 'pressed')","('R', 59.62734696, 'released')","('Key.caps_lock', 59.837413795, 'pressed')","('Key.caps_lock', 59.837425009, 'released')","('o', 60.321325901, 'pressed')","('o', 60.397219761, 'released')","('a', 60.591369376, 'pressed')","('a', 60.675262901, 'released')","('n', 60.862224342, 'pressed')","('n', 60.926217214, 'released')","('l', 61.235225653, 'pressed')","('l', 61.307315601, 'released')","('e', 61.485135451, 'pressed')","('e', 61.557309471, 'released')","('Key.esc', 62.119869096, 'pressed')"
"('Key.esc', 7.843800398, 'released')","('Key.enter', 8.360763352, 'pressed')","('Key.enter', 8.436582412, 'released')","('.', 9.85765894, 'pressed')","('.', 9.925786954, 'released')","('t', 10.299689221, 'pressed')","('t', 10.371668692, 'released')","('i', 10.609635609, 'pressed')","('i', 10.673659018, 'released')","('e', 10.892723998, 'pressed')","('e', 10.96875979, 'released')","('5', 11.218680945, 'pressed')","('5', 11.298637162, 'released')","('Key.caps_lock', 11.698248594, 'pressed')","('Key.caps_lock', 11.698259868, 'released')","('R', 11.879455352, 'pressed')","('R', 11.959607982, 'released')","('Key.caps_lock', 12.070586784, 'pressed')","('Key.caps_lock', 12.07062764, 'released')","('o', 12.77454571, 'pressed')","('o', 12.842571984, 'released')","('a', 12.980530464, 'pressed')","('a', 13.06454082, 'released')","('n', 13.275464023, 'pressed')","('n', 13.343590556, 'released')","('l', 13.6453897, 'pressed')","('l', 13.721505588, 'released')","('e', 13.877656425, 'pressed')","('e', 13.957489711, 'released')","('Key.esc', 14.400660145, 'pressed')"
"('Key.esc', 14.48839683, 'released')","('Key.enter', 14.839329214, 'pressed')","('Key.enter', 14.907416001, 'released')","('.', 15.330394772, 'pressed')","('.', 15.402375336, 'released')","('t', 15.778318944, 'pressed')","('t', 15.850380458, 'released')","('i', 16.054735296, 'pressed')","('i', 16.123008701, 'released')","('e', 16.249321879, 'pressed')","('e', 16.313224131, 'released')","('5', 16.555417972, 'pressed')","('5', 16.631342571, 'released')","('Key.caps_lock', 17.129942017, 'pressed')","('Key.caps_lock', 17.129953511, 'released')","('R', 17.315318549, 'pressed')","('R', 17.39113907, 'released')","('Key.caps_lock', 17.526032921, 'pressed')","('Key.caps_lock', 17.526045608, 'released')","('o', 18.050400205, 'pressed')","('o', 18.118290071, 'released')","('a', 18.303241836, 'pressed')","('a', 18.375266456, 'released')","('n', 18.592028067, 'pressed')","('n', 18.656134616, 'released')","('l', 18.901252176, 'pressed')","('l', 18.977273729, 'released')","('e', 19.152411351, 'pressed')","('e', 19.216215656, 'released')","('Key.esc', 19.684988987, 'pressed')"
"('Key.esc', 19.777202352, 'released')","('Key.enter', 20.119103311, 'pressed')","('Key.enter', 20.199127694, 'released')","('.', 20.684215971, 'pressed')","('.', 20.756142702, 'released')","('t', 21.21938074, 'pressed')","('t', 21.276114498, 'released')","('i', 21.506121036, 'pressed')","('i', 21.566141784, 'released')","('e', 21.708092837, 'pressed')","('e', 21.772002175, 'released')","('5', 22.062980638, 'pressed')","('5', 22.135078079, 'released')","('Key.caps_lock', 22.48663371, 'pressed')","('Key.caps_lock', 22.486645279, 'released')","('R', 22.661230324, 'pressed')","('R', 22.732999039, 'released')","('Key.caps_lock', 22.917100315, 'pressed')","('Key.caps_lock', 22.917112357, 'released')","('o', 23.40910713, 'pressed')","('o', 23.48100404, 'released')","('a', 23.635956432, 'pressed')","('a', 23.708056371, 'released')","('n', 23.888932036, 'pressed')","('n', 23.952984234, 'released')","('l', 24.282895555, 'pressed')","('l', 24.358954765, 'released')","('e', 24.460977659, 'pressed')","('e', 24.5247237, 'released')","('Key.esc', 24.988721223, 'pressed')"
"('Key.esc', 25.072782117, 'released')","('Key.enter', 25.500002978, 'pressed')","('Key.enter', 25.569850796, 'released')","('.', 26.122785828, 'pressed')","('.', 26.190825785, 'released')","('t', 26.591854767, 'pressed')","('t', 26.663829808, 'released')","('i', 26.915808993, 'pressed')","('i', 26.979786862, 'released')","('e', 27.186707091, 'pressed')","('e', 27.250794305, 'released')","('5', 27.546659852, 'pressed')","('5', 27.618744046, 'released')","('Key.caps_lock', 28.033797617, 'pressed')","('Key.caps_lock', 28.033808537, 'released')","('R', 28.226702386, 'pressed')","('R', 28.298702103, 'released')","('Key.caps_lock', 28.461715068, 'pressed')","('Key.caps_lock', 28.461747321, 'released')","('o', 28.956648657, 'pressed')","('o', 29.032702994, 'released')","('a', 29.35263214, 'pressed')","('a', 29.424699646, 'released')","('n', 29.592640738, 'pressed')","('n', 29.652644106, 'released')","('l', 29.933492254, 'pressed')","('l', 30.005667488, 'released')","('e', 30.244714041, 'pressed')","('e', 30.308647951, 'released')","('Key.esc', 30.831585319, 'pressed')"
"('Key.esc', 30.91162258, 'released')","('Key.enter', 31.27619925, 'pressed')","('Key.enter', 31.352534797, 'released')","('.', 31.758546725, 'pressed')","('.', 31.830539556, 'released')","('t', 32.233485944, 'pressed')","('t', 32.305537062, 'released')","('i', 32.514334498, 'pressed')","('i', 32.590497134, 'released')","('e', 32.771556903, 'pressed')","('e', 32.827521934, 'released')","('5', 33.332300678, 'pressed')","('5', 33.408444847, 'released')","('Key.caps_lock', 33.679962423, 'pressed')","('Key.caps_lock', 33.679974394, 'released')","('R', 33.903447585, 'pressed')","('R', 33.975456306, 'released')","('Key.caps_lock', 34.146737619, 'pressed')","('Key.caps_lock', 34.146745229, 'released')","('o', 34.631435336, 'pressed')","('o', 34.70343938, 'released')","('a', 34.858182783, 'pressed')","('a', 34.922405408, 'released')","('n', 35.09991531, 'pressed')","('n', 35.15935613, 'released')","('l', 35.538296574, 'pressed')","('l', 35.61836163, 'released')","('e', 35.759385216, 'pressed')","('e', 35.827305969, 'released')","('Key.esc', 36.28870662, 'pressed')"
"('Key.esc', 36.373092802, 'released')","('Key.enter', 36.76029347, 'pressed')","('Key.enter', 36.836266141, 'released')","('.', 37.326252274, 'pressed')","('.', 37.394323908, 'released')","('t', 37.800307627, 'pressed')","('t', 37.868275208, 'released')","('i', 38.107274704, 'pressed')","('i', 38.167238883, 'released')","('e', 38.320945264, 'pressed')","('e', 38.377224475, 'released')","('5', 38.679182326, 'pressed')","('5', 38.755196896, 'released')","('Key.caps_lock', 39.118453166, 'pressed')","('Key.caps_lock', 39.118465372, 'released')","('R', 39.300106996, 'pressed')","('R', 39.372000434, 'released')","('Key.caps_lock', 39.573436545, 'pressed')","('Key.caps_lock', 39.573446638, 'released')","('o', 40.087079115, 'pressed')","('o', 40.167130077, 'released')","('a', 40.321751723, 'pressed')","('a', 40.393928954, 'released')","('n', 40.594007429, 'pressed')","('n', 40.654107094, 'released')","('l', 40.966010564, 'pressed')","('l', 41.049931607, 'released')","('e', 41.258968588, 'pressed')","('e', 41.327078573, 'released')","('Key.esc', 41.81490387, 'pressed')"
"('Key.esc', 41.89098583, 'released')","('Key.enter', 42.285319684, 'pressed')","('Key.enter', 42.357963165, 'released')","('.', 42.796737527, 'pressed')","('.', 42.867966387, 'released')","('t', 43.260939304, 'pressed')","('t', 43.333014433, 'released')","('i', 43.633892503, 'pressed')","('i', 43.701957539, 'released')","('e', 43.971849182, 'pressed')","('e', 44.047914217, 'released')","('5', 44.264869194, 'pressed')","('5', 44.332917084, 'released')","('Key.caps_lock', 44.682746097, 'pressed')","('Key.caps_lock', 44.682757693, 'released')","('R', 44.908731403, 'pressed')","('R', 44.980828059, 'released')","('Key.caps_lock', 45.106753491, 'pressed')","('Key.caps_lock', 45.106849169, 'released')","('o', 45.631785706, 'pressed')","('o', 45.707965288, 'released')","('a', 45.840905689, 'pressed')","('a', 45.917217193, 'released')","('n', 46.058810498, 'pressed')","('n', 46.12263212, 'released')","('l', 46.438750176, 'pressed')","('l', 46.514749696, 'released')","('e', 46.699634189, 'pressed')","('e', 46.75580456, 'released')","('Key.esc', 47.252593985, 'pressed')"
"('Key.esc', 47.328760382, 'released')","('Key.enter', 47.702638107, 'pressed')","('Key.enter', 47.774618942, 'released')","('.', 48.194641246, 'pressed')","('.', 48.266685331, 'released')","('t', 48.674644233, 'pressed')","('t', 48.746719647, 'released')","('i', 48.988611153, 'pressed')","('i', 49.048676859, 'released')","('e', 49.344591999, 'pressed')","('e', 49.412704979, 'released')","('5', 49.841614594, 'pressed')","('5', 49.921638589, 'released')","('Key.caps_lock', 50.238667142, 'pressed')","('Key.caps_lock', 50.238679236, 'released')","('R', 50.411682056, 'pressed')","('R', 50.479650934, 'released')","('Key.caps_lock', 51.206890045, 'pressed')","('Key.caps_lock', 51.206902994, 'released')","('o', 51.582611594, 'pressed')","('o', 51.650558683, 'released')","('a', 51.822441991, 'pressed')","('a', 51.878654612, 'released')","('n', 52.114412665, 'pressed')","('n', 52.178311384, 'released')","('l', 52.541471608, 'pressed')","('l', 52.61747849, 'released')","('e', 52.739394842, 'pressed')","('e', 52.811481059, 'released')","('Key.esc', 53.372199289, 'pressed')"